ISWOC_Old_English	0.0	0.0	0.0	0.0	0.0	0.0
ISWOC_Old_English	0.602150537576	0.199576409235	0.0	2.51515151491	3.22808732455	6.13326816495
