ISWOC_Old_English	0.0	0.0	0.0	0.0	0.0	0.0	0.0
ISWOC_Old_English	0.0	0.0	0.0	0.0	0.0	0.0	0.0
ISWOC_Old_English	0.324639724284	0.616645258925	0.263753654949	0.0	1.97765768572	3.15622911419	5.84777621091
