FileName	ModelName	Counter	AverageLoss	DH_Mean_NoPunct	DH_Sigma_NoPunct	Distance_Mean_NoPunct	Distance_Sigma_NoPunct	Dependency
3585331	inferRealGrammars.py	30000	10.0	1.6276962	0.43926555	-1.2643099	0.45479116	-
3585331	inferRealGrammars.py	30000	10.0	2.9986625	0.14965956	1.0456793	0.02451756	adj
3585331	inferRealGrammars.py	30000	10.0	3.0769162	0.14693967	-1.2038537	0.10828203	comp
3585331	inferRealGrammars.py	30000	10.0	2.3720274	0.28553352	0.520244	0.24595433	hd
3585331	inferRealGrammars.py	30000	10.0	-2.4153628	0.10043108	-0.05815563	0.3653419	mrk
3585331	inferRealGrammars.py	30000	10.0	-0.008488204	0.9899591	0.008559603	0.99418175	punct
3585331	inferRealGrammars.py	30000	10.0	2.8164845	0.1745985	0.29778776	0.02843686	sbj
