FileName	ModelName	Counter	AverageLoss	DH_Mean_NoPunct	DH_Sigma_NoPunct	Distance_Mean_NoPunct	Distance_Sigma_NoPunct	Dependency
3585331	inferRealGrammars.py	1990000	10.0	5.3361697	0.38304964	-4.251733	0.44780424	-
3585331	inferRealGrammars.py	1990000	10.0	7.688275	0.3554282	1.1345255	-0.020647647	adj
3585331	inferRealGrammars.py	1990000	10.0	8.540287	0.33230957	-0.9306606	-0.010642587	comp
3585331	inferRealGrammars.py	1990000	10.0	6.0994077	0.37026504	0.84426445	0.12569198	hd
3585331	inferRealGrammars.py	1990000	10.0	-2.6878664	0.049162313	0.38104546	0.097344615	mrk
3585331	inferRealGrammars.py	1990000	10.0	-0.0098697115	1.0066727	-0.0054285116	0.9802738	punct
3585331	inferRealGrammars.py	1990000	10.0	6.4792976	0.3868857	0.38750327	-0.023599453	sbj
